{"cameraMode":{"drawMode":0,"name":"Shaded","section":"Shading Mode"},"sceneLighting":false,"audioPlay":false,"sceneViewState":{"showFog":true,"showMaterialUpdate":false,"showSkybox":false,"showFlares":true,"showImageEffects":true,"showParticleSystems":true,"showVisualEffectGraphs":true,"m_FxEnabled":true},"in2DMode":false,"pivot":{"x":111.09188842773438,"y":8.947094917297364,"z":61.34750747680664},"rotation":{"x":0.008421710692346096,"y":0.46365079283714297,"z":-0.004397806245833635,"w":0.8859944939613342},"size":1.7080949544906617,"orthographic":false}