{"cameraMode":{"drawMode":0,"name":"Shaded","section":"Shading Mode"},"sceneLighting":true,"audioPlay":false,"sceneViewState":{"showFog":true,"showMaterialUpdate":false,"showSkybox":true,"showFlares":true,"showImageEffects":true,"showParticleSystems":true,"showVisualEffectGraphs":true,"m_FxEnabled":true},"in2DMode":false,"pivot":{"x":354.07977294921877,"y":223.70196533203126,"z":249.61654663085938},"rotation":{"x":-0.25624483823776247,"y":-0.049048978835344318,"z":0.013040522113442421,"w":-0.9652919173240662},"size":332.8815002441406,"orthographic":false}