{"cameraMode":{"drawMode":0,"name":"Shaded","section":"Shading Mode"},"sceneLighting":true,"audioPlay":false,"sceneViewState":{"showFog":true,"showMaterialUpdate":false,"showSkybox":true,"showFlares":true,"showImageEffects":true,"showParticleSystems":true,"showVisualEffectGraphs":true,"m_FxEnabled":true},"in2DMode":false,"pivot":{"x":580.8607788085938,"y":357.42535400390627,"z":294.25067138671877},"rotation":{"x":-0.14937710762023927,"y":0.022471988573670389,"z":-0.003376915119588375,"w":-0.988532304763794},"size":364.99163818359377,"orthographic":false}