{"cameraMode":{"drawMode":0,"name":"Shaded","section":"Shading Mode"},"sceneLighting":true,"audioPlay":false,"sceneViewState":{"showFog":true,"showMaterialUpdate":false,"showSkybox":true,"showFlares":true,"showImageEffects":true,"showParticleSystems":true,"showVisualEffectGraphs":true,"m_FxEnabled":true},"in2DMode":false,"pivot":{"x":447.4374694824219,"y":19.152816772460939,"z":1395.0784912109375},"rotation":{"x":0.20968204736709596,"y":-0.3662656545639038,"z":0.08510962128639221,"w":0.9026094079017639},"size":2.5586915016174318,"orthographic":false}