{"cameraMode":{"drawMode":0,"name":"Shaded","section":"Shading Mode"},"sceneLighting":true,"audioPlay":false,"sceneViewState":{"showFog":true,"showMaterialUpdate":false,"showSkybox":true,"showFlares":true,"showImageEffects":true,"showParticleSystems":true,"showVisualEffectGraphs":true,"m_FxEnabled":true},"in2DMode":false,"pivot":{"x":503.70953369140627,"y":121.68753814697266,"z":-456.1540222167969},"rotation":{"x":0.008655272424221039,"y":-0.005055713001638651,"z":-0.00012131438415963203,"w":-1.0000282526016236},"size":87.95497131347656,"orthographic":false}