{"cameraMode":{"drawMode":0,"name":"Shaded","section":"Shading Mode"},"sceneLighting":true,"audioPlay":false,"sceneViewState":{"showFog":true,"showMaterialUpdate":false,"showSkybox":true,"showFlares":true,"showImageEffects":true,"showParticleSystems":true,"showVisualEffectGraphs":true,"m_FxEnabled":true},"in2DMode":false,"pivot":{"x":-291.67425537109377,"y":89.70314025878906,"z":630.0428466796875},"rotation":{"x":0.0014532950008288026,"y":0.9776163697242737,"z":-0.21102724969387055,"w":0.0057063535787165169},"size":6.636634826660156,"orthographic":false}