{"cameraMode":{"drawMode":0,"name":"Shaded","section":"Shading Mode"},"sceneLighting":true,"audioPlay":false,"sceneViewState":{"showFog":true,"showMaterialUpdate":false,"showSkybox":true,"showFlares":true,"showImageEffects":true,"showParticleSystems":true,"showVisualEffectGraphs":true,"m_FxEnabled":true},"in2DMode":false,"pivot":{"x":136.2113037109375,"y":7.851922512054443,"z":292.63714599609377},"rotation":{"x":-0.22105848789215089,"y":0.11311165988445282,"z":-0.025691021233797075,"w":-0.9684070348739624},"size":155.74893188476563,"orthographic":false}